,GCJ02_point_lat,GCJ02_point_lng,WGS84_point_lat,WGS84_point_lng,address
0,30.92953,121.45636,30.931595061012004,121.45181085167599,上海市奉贤区航南公路5886号3幢
1,31.0779,121.52504,31.080071361798122,121.52070988096781,上海市闵行区浦江镇联航路1239号
2,31.27245,121.39485,31.27426780199713,121.39019622573221,上海市普陀区真北路3045号
3,31.31795,121.40754,31.31974905828073,121.40288170414881,上海市宝山区沪太路3156号
4,31.16955,121.34327,31.171478298852016,121.33869826267791,上海市闵行区吴宝路818号
5,31.32687,121.58326,31.329027952319638,121.57904234269608,上海市浦东新区莱阳路3166号
6,31.29462,121.35504,31.29647048177915,121.35043328407734,上海市普陀区红柳路255号1幢
7,31.13408,121.45407,31.136022044463303,121.44949723835873,上海市徐汇区龙吴路1600号
8,31.2755,121.52939,31.277583883027535,121.52505762088988,上海市周家嘴路3055号
9,31.205876,121.543218,31.20802555534195,121.53893335353402,上海市浦东新区浦建路1285号
10,31.36007,121.24711,31.362041052660583,121.24267341851733,上海市嘉定区永盛路2201
11,31.29552,121.44908,31.29737524341275,121.44448079718617,上海市闸北区共和新路3200号
12,31.14372,121.32762,31.14569127171322,121.32308547942628,上海市沪松公路1217号
13,31.3816,121.48916,31.38352826912908,121.48467688960157,上海同济路305号
14,31.17142,121.37509,31.173299290194777,121.37046148015068,上海吴中路1375号
15,30.89285,121.19358,30.895006855855772,121.18912756306439,上海市金山区朱泾镇亭枫公路3038号2幢
16,31.23038,121.43421,31.23223779766073,121.42958593507373,上海市静安区康定路1171号
17,31.32796,121.46718,31.3298445989117,121.46262785798439,上海市宝山区江杨南路1138号（近虹口区中环广粤路口）
18,30.9026,121.42809,30.904632083363396,121.42348488018148,上海市奉贤区南亭公路1269号3-4
19,31.14071,121.33747,31.14266412050261,121.33291348007397,上海市松江区伴亭东路218号
20,31.13889,121.42857,31.140786237988326,121.42394514358487,上海市徐汇区嘉川路255―257号
21,31.15939,121.3568,31.161300266329725,121.3522016487775,上海市闵行区七宝镇新镇路1509号
22,31.19058,121.46354,31.19251489288349,121.45898872836982,上海市徐汇区中山南二路379号（近小木桥路）
23,31.09527,121.43419,31.09719733267767,121.4295776177231,上海市虹梅南路2599号
24,31.32413,121.46762,31.32601712844038,121.46306954596928,上海市宝山区江杨南路928号（近殷高西路）
25,31.03291,121.67275,31.035124157722386,121.66847481758325,上海市浦东新区沪南公路7866号
26,31.15593,121.56356,31.15814342616211,121.55932799569374,上海市浦东新区沪南路2408号
27,31.31783,121.51917,31.31986887349251,121.51479974212012,上海市杨浦区市光路405号
28,31.13,121.35382,31.131930671668044,121.34922989717326,上海市闵行区中春路6518号（近顾戴路口）
29,31.08361,121.4397,31.085552291258413,121.43509868683294,上海市闵行区虹梅南路3508号（近金都路）
30,31.336,121.46656,31.337880133546506,121.46200526083015,上海市宝山区江杨南路1596号1幢
31,31.18671,121.12726,31.188587836640718,121.12266221666772,上海市青浦区北青公路9505号
32,31.22841,121.52036,31.230489844183083,121.51600139285273,上海市浦东新区张杨路2119号（奉贤网点金闸公路999号电话021-57482688）
33,30.97966,121.44661,30.981674991911188,121.4420323013458,上海市奉贤区南桥镇扶港路1088号2幢
34,31.18379,121.40107,31.18564768158969,121.39642264675987,上海市闵行区吴中路588号
35,31.33768,121.46677,31.339560078957852,121.46221575845449,上海市宝山区江杨南路1675号
36,30.95581,121.44261,30.957831791173877,121.43802559700885,上海市奉贤区环城北路986号
37,31.2198,121.30177,31.221780200804478,121.29728539121986,上海市闵行区华翔路3660号
38,31.00269,121.27035,31.004827407276995,121.26593202108045,上海市松江区北松公路6656号1幢
39,31.29462,121.35504,31.29647048177915,121.35043328407734,上海市红柳路255号
40,31.07007,121.42489,31.072000278813547,121.42026629569861,上海市闵行区莲花南路2338号4幢
41,31.22884,121.57037,31.231026671133424,121.56614400180214,上海市浦东新区罗山路1447号2幢
42,31.32883,121.4891,31.33077555437722,121.48462120259833,上海市宝山区逸仙路1950号
43,31.294288,121.354864,31.296138901593594,121.35025765238181,上海市普陀区红柳路235号（近南大路）
44,31.07252,121.42656,31.074450629883355,121.42193817831182,上海市闵行区莲花南路2268号（近向阳路路口）
45,31.17111,121.36728,31.17299886638692,121.3626625560078,上海市闵行区吴中路1750号
46,31.07498,121.4182,31.076901740758395,121.41356895529981,上海市闵行区颛兴东路1280弄3号（都会路口）
47,31.27003,121.39354,31.27184928616947,121.3888869615215,上海市普陀区真北路
48,31.00303,121.27736,31.00516099325368,121.27293413355103,上海市松江区北松公路6278号
49,31.30534,121.45402,31.30720171765386,121.44943229922502,上海场中路1980号
50,31.24516,121.56309,31.24732923429873,121.55884968272738,上海市浦东新区张杨路2757号（近罗山路）
51,31.13489,121.31068,31.13689772192522,121.30618411467464,上海市松江区沪松公路1610号（近漕宝路）
52,31.38087,121.45847,31.382715697301496,121.45388772489227,上海市宝山区铁山路338号
53,31.15691,121.56381,31.159123290098627,121.55957839615866,上海市浦东新区沪南路2178号
54,31.18683,121.46086,31.188760234253344,121.45630125583229,上海市徐汇区枫林路858号（地铁七号线船厂路
55,31.22454,121.33616,31.226454550441417,121.3315991955183,上海市闵行区北翟路1800号
56,31.14071,121.33747,31.14266412050261,121.33291348007397,上海市松江区伴亭东路218号、
57,31.13846,121.42853,31.14035642065192,121.42390512478072,上海市徐汇区嘉川路255-257号
58,31.13889,121.42857,31.140786237988326,121.42394514358487,上海市徐汇区嘉川路255―257号
59,31.15939,121.3568,31.161300266329725,121.3522016487775,上海市闵行区七宝镇新镇路1509号
60,31.09902,121.41297,31.100925136306206,121.40833312407217,上海市闵行区银都路2358号（莲花南路路口）
61,31.10236,121.38707,31.10426578826695,121.38243536267134,上海闵行区珠城路66号
62,31.16532,121.33851,31.167259275622275,121.33394905216636,上海市闵行区沪星路318-1号
63,31.09902,121.41297,31.100925136306206,121.40833312407217,上海市闵行区银都路2358号（近莲花南路路口）
64,31.3395,121.4598,31.34136226394486,121.45522504409644,上海市宝山区长江西路1139号（近江杨南路）
65,31.10943,121.41619,31.111331129073665,121.41155435563336,上海市闵行区梅龙镇梅富路159号1栋
66,31.16435,121.50742,31.166423495245727,121.50302113571993,上海浦东新区杨思路，来店请找网络销售部，可享受优惠价
67,31.17241,121.37216,31.174292092206937,121.36753527027633,上海市闵行区吴中路1439号（近虹井路口）
68,31.24037,121.60877,31.24256530728448,121.60456715826582,上海市浦东新区锦绣东路2053号
69,30.93069,121.58546,30.93305487567462,121.5812769523765,上海市奉贤区青村镇团青公路7239号
70,31.17493,121.31949,31.17690053934897,121.31497124773625,上海市闵行区华翔路299号
71,31.16532,121.33851,31.167259275622275,121.33394905216636,上海市闵行区沪星路318-1号
72,31.22493,121.5417,31.227067014321925,121.53740947218361,上海市浦东新区杨源路278号
73,31.13991,121.58685,31.142155183355356,121.5826508798136,上海浦东康桥镇康安路818号
74,31.23566,121.37052,31.23751341256001,121.36589209230087,上海市普陀区金沙江路2087号
75,31.27698,121.53911,31.27908786722486,121.53480760687091,上海市杨浦区周家嘴路3388号
76,31.22434,121.62958,31.226524578796756,121.62536228499636,上海市浦东新区龙东大道2777号靠近张东路口（永达汽车广场）
77,31.29267,121.35443,31.294522259938255,121.34982463324415,上海市普陀区红柳路233号
78,31.29878,121.62465,31.30093808875878,121.62043153475311,上海市申江路296号
79,31.07252,121.42656,31.074450629883355,121.42193817831182,上海市闵行区莲花南路2268号
80,31.17416,121.32039,31.17612923147652,121.31586928582458,上海市闵行区华漕镇华翔路245号
81,31.17093,121.36655,31.172819933628606,121.36193371763719,上海市闵行区吴中路1786号
82,31.15137,121.56606,31.15358945078893,121.56183305451879,上海市沪南路2525号
83,31.25355,121.56565,31.255719274880672,121.56141383820466,上海市浦东新区居家桥路571号
84,31.33989,121.46197,31.34175732674763,121.45740123139505,上海市宝山区长江西路999号
85,31.00263,121.268,31.004769147262216,121.26358422905794,上海市松江区北松公路7168号
86,31.27821,121.39867,31.28002446088752,121.3940146852492,上海市普陀区真北路3489号
87,31.2817,121.16594,31.28359586638546,121.1613995376216,上海市嘉定区安亭国际汽车城安驰路915-1
88,31.17212,121.34016,31.174052711343325,121.33559482146626,上海市闵行区吴宝路1045号叶隆汽车广场（近虹桥机场）
89,31.13846,121.42853,31.14035642065192,121.42390512478072,上海市徐汇区嘉川路255-257号
90,31.13889,121.42857,31.140786237988326,121.42394514358487,上海市徐汇区嘉川路255―257号
91,31.14071,121.33747,31.14266412050261,121.33291348007397,上海市松江区伴亭东路218号、
92,31.15939,121.3568,31.161300266329725,121.3522016487775,上海市闵行区七宝镇新镇路1509号
93,31.15939,121.3568,31.161300266329725,121.3522016487775,上海市闵行区七宝镇新镇路1509号
94,31.10236,121.38707,31.10426578826695,121.38243536267134,上海闵行区珠城路66号
95,31.09902,121.41297,31.100925136306206,121.40833312407217,上海市闵行区银都路2358号（近莲花南路路口）
96,31.09902,121.41297,31.100925136306206,121.40833312407217,上海市闵行区银都路2358号（近莲花南路路口）
97,31.16532,121.33851,31.167259275622275,121.33394905216636,上海市闵行区沪星路318-1号
98,31.32531,121.46741,31.327196154919523,121.46285879561263,上海市宝山区江杨南路980号（近一二八纪念路）
99,31.24447,121.60874,31.246663471697243,121.60453682896544,上海市浦东新区金桥镇川桥路500号
100,31.23902,121.37195,31.24087015730327,121.36731977589795,上海市普陀区金沙江路2098弄2-6号
101,31.28903,121.42747,31.29085379466029,121.42283057141107,上海市静安区汶水路801号近高平路口
102,31.23378,121.32025,31.235720599234124,121.31572449267195,上海市嘉定区江桥镇金运路99号
103,31.36335,121.2863,31.36529560918264,121.28183091439928,上海市嘉定区澄浏中路1501、1519、1533号3幢
104,31.29627,121.35578,31.298118624142766,121.35117172197346,上海市普陀区红柳路288号（近外环真南路出口）
105,30.92944,121.45594,30.931504170072586,121.45138973449507,上海市奉贤南桥镇航南公路5888号（近沪杭公路）
106,31.10952,121.70424,31.111634616899224,121.69990264753359,上海市浦东新区南六公路1233号
107,31.19488,121.11958,31.196746116675698,121.11497383449347,上海市青浦区外青松公路4690号1、2幢
108,31.21045,121.42508,31.212306079169586,121.42044434513579,上海市闵行区沪青平公路939-989号，上海市长宁区延安西路1339号
109,31.07709,121.52367,31.07925803399048,121.51933535679352,上海市闵行区三鲁公路3088号
110,31.07007,121.42489,31.072000278813547,121.42026629569861,上海市闵行区莲花南路2338号3幢
111,31.20041,121.2379,31.202444235472115,121.23347512309297,上海市青浦区华新镇北青公路4228号1幢
112,31.29519,121.62391,31.29735029543471,121.61969256844493,上海市浦东新区申江路500号
113,31.21688,121.53507,31.219004781870787,121.53076047525148,上海浦东康梧路386号（总部），杨高南路428号（世纪大道展厅）
114,31.13135,121.36171,31.133267555987263,121.35710518564123,上海市闵行区顾戴路2468号
115,31.15765,121.36319,31.159551468180197,121.35858037214231,上海市静安区长寿路943-951号（城市展厅）；闵行区漕宝路2108号（4S店）
116,31.27564,121.39674,31.277455924627933,121.39208534164187,上海市普陀区真北路3251号
117,31.15532,121.55888,31.157526242831242,121.55463849057242,上海市浦东新区御桥路1388号（近中环线沪南公路）
118,31.13135,121.36171,31.133267555987263,121.35710518564123,上海市闵行区顾戴路2468号
119,31.2817,121.16594,31.28359586638546,121.1613995376216,上海嘉定区安亭国际汽车城安驰路915-1
120,31.14071,121.33747,31.14266412050261,121.33291348007397,上海市松江区伴亭东路218号、
121,31.13846,121.42853,31.14035642065192,121.42390512478072,上海市徐汇区嘉川路255-257号
122,31.15939,121.3568,31.161300266329725,121.3522016487775,上海市闵行区七宝镇新镇路1509号
123,31.15939,121.3568,31.161300266329725,121.3522016487775,上海市闵行区七宝镇新镇路1509号
124,31.10236,121.38707,31.10426578826695,121.38243536267134,上海闵行区珠城路66号
125,31.09902,121.41297,31.100925136306206,121.40833312407217,上海市闵行区银都路2358号（近莲花南路路口）
126,31.09902,121.41297,31.100925136306206,121.40833312407217,上海市闵行区银都路2358号（近莲花南路路口）
127,31.16532,121.33851,31.167259275622275,121.33394905216636,上海市闵行区沪星路318-1号
128,31.15983,121.4489,31.161747647541855,121.44431212099094,上海市徐汇区龙吴路420号（近龙耀路）
129,31.27022,121.38274,31.2720456581403,121.37809441900856,上海市真南路829号
130,31.2261,121.57096,31.228288655128623,121.56673516582967,上海浦东罗山路1589号（靠近锦绣路）
131,31.33711,121.46684,31.338990458674232,121.46228602236177,上海市宝山区江杨南路1645号
132,31.29917,121.42975,31.300992418836522,121.4251128962436,上海闸北区少年村路407号（中环原平路出口右转后直行）
133,31.13462,121.34952,31.136555482876155,121.34493810756673,上海市闵行区中春路6800号
134,31.29512,121.50089,31.297113638928348,121.49645647332254,上海市杨浦区邯郸路195号
135,31.15891,121.39311,31.160782212145204,121.38846683170013,上海市闵行区漕宝路1200号
136,31.368,121.22431,31.36995674840376,121.2198617068138,上海市嘉定区沪宜公路4588号（沪宜公路与胜辛路交叉口向西300米）
137,31.18698,121.5309,31.189108637801375,121.52657990422735,上海市浦东高科西路1888号
138,31.31609,121.51937,31.318130096051263,121.5150005811724,上海市杨浦区民约路89号
139,31.27083,121.4354,31.272671589082414,121.43077446674083,上海市静安区沪太路901号
140,30.95816,121.44425,30.960183331846565,121.43966889482643,上海市沪杭公路1066号
141,31.0992,121.57018,31.10145312210724,121.56596441641014,上海市浦东新区沪南公路3738号
142,31.02134,121.24291,31.02347366172477,121.23850166609273,上海市松江区沪松路228号（美能达路口）
143,31.2355,121.37085,31.237353082125964,121.3662216322848,上海市金沙江路2069号
144,31.15612,121.56034,31.15832826106605,121.55610151431846,上海市浦东御桥路1441号
145,31.15939,121.3568,31.161300266329725,121.3522016487775,上海市闵行区七宝镇新镇路1509号
146,31.09902,121.41297,31.100925136306206,121.40833312407217,上海市闵行区银都路2358号（莲花南路路口）
147,31.10236,121.38707,31.10426578826695,121.38243536267134,上海市闵行区珠城路66号
148,31.0221,121.24735,31.024233971539555,121.24294198513496,上海市松江区美能达路585号
149,31.15478,121.45039,31.156703293994696,121.44580615817476,上海徐汇区龙吴路580号
150,31.27022,121.38274,31.2720456581403,121.37809441900856,上海市普陀区真南路829号
151,31.31517,121.52038,31.31721331468806,121.51601414244189,上海市杨浦区国和路680号（近五角场商圈）
152,31.26013,121.60592,31.262317725251346,121.60171626709392,上海浦东新区金高路2388号
153,31.0156,121.26292,31.017734531836606,121.25850712993554,上海市松江区松卫北路1189号第2幢
154,31.13221,121.35403,31.134139134763558,121.3494392969036,上海市闵行区华中路505号
155,30.76778,121.35896,30.769910296303937,121.35439126964434,上海市金山区金山嘴工业区中山工业园区亭卫公路1882号第一幢
156,31.32552,121.44365,31.327353475165516,121.43903583425443,上海市宝山区共和新路5188号（近共江路）
157,31.17059,121.36521,31.172481937084306,121.36059589789778,上海市吴中路1858号
158,31.27077,121.27628,31.272761481389747,121.27183282136312,上海市曹安路3908号（别克4S店）
159,31.22444,121.33796,31.22635120794148,121.33339518338238,上海市闵行区北翟路1556号
160,31.22434,121.62958,31.226524578796756,121.62536228499636,上海市浦东新区龙东大道2777号
161,31.09902,121.41297,31.100925136306206,121.40833312407217,上海市闵行区银都路2358号（莲花南路路口）
162,31.10236,121.38707,31.10426578826695,121.38243536267134,上海市闵行区珠城路66号
163,31.17036,121.12141,31.17224006903035,121.11680756202493,上海市青浦区外青松公路5600号14号房
164,31.23038,121.43421,31.23223779766073,121.42958593507373,上海市静安区康定路1171号
165,31.05023,121.40797,31.052161018928864,121.40333513476125,上海市闵行区沪闵路2890号
166,31.18868,121.41371,31.190538055288123,121.40906577554017,上海市徐汇区宋园路166号
167,31.18553,121.14025,31.18742558577862,121.13567020187361,上海市青浦北青公路8865号
168,31.23554,121.45973,31.23744422286847,121.45516384214746,上海市静安区新闸路818号底层南商场
169,31.1101,121.41406,31.111999545863092,121.40942282337963,上海市闵行区春申路2539号
170,31.31848,121.58063,31.32063919630917,121.57641036590964,中国上海市浦东新区浦东北路2190弄7号
171,31.17397,121.38666,31.175837873238027,121.38201945458918,上海市闵行区万源路2800号L118室
172,31.22539,121.27905,31.227398881014754,121.2746031611734,上海市闵行区纪翟路1408号第二幢
173,31.37482,121.26621,31.37678130972113,121.26176426088189,上海市嘉定区
174,31.137452,121.56837,31.139681951821757,121.56414826240903,上海市浦东新区沪南路3021号
175,31.17827,121.47298,31.180235569420194,121.4684590766246,上海市浦东新区国展路189号博大汽车公园
176,31.06893,121.58668,31.071214358721598,121.58248659266985,上海浦东新区沪南公路4789弄322号
177,31.21689,121.33028,31.218819341639023,121.32573314555975,上海市长宁区天山西路2666号
178,31.23382,121.36732,31.235678340931127,121.36269705297033,上海市普陀区同普路1388号
179,30.90413,121.43488,30.906169987259215,121.43028526839838,上海市奉贤区南亭公路988号
180,31.05492,121.30158,31.05698801388171,121.29710979084233,上海松江新桥新效路128号
181,31.02576,121.729,31.0278931500958,121.72464356514017,上海市浦东新区惠南镇宣黄公路2303号6栋
182,31.30057,121.62449,31.302727555461413,121.62027154702521,中国（上海）上海浦东自贸区俱进路1007号
183,31.14264,121.34512,31.14457898686333,121.34054661365322,上海市闵行区中春路7358号
184,31.23197,121.47073,31.233903543099,121.46619724334259,上海市黄浦区南京西路288号创兴金融中心首层
185,31.21817,121.53038,31.220282102491606,121.52605562560562,上海市浦东新区东方路1215-1217号1-2层
186,31.17212,121.34016,31.174052711343325,121.33559482146626,上海市闵行区吴宝路1045号叶隆汽车广场（近虹桥机场）
187,31.17212,121.34016,31.174052711343325,121.33559482146626,上海市闵行区吴宝路1045号叶隆汽车广场（近虹桥机场）
188,31.1648,121.33747,31.16674149477484,121.33291140938718,上海市闵行区沪星路318号
189,31.09902,121.41297,31.100925136306206,121.40833312407217,上海市闵行区银都路2358号（近莲花南路路口）
190,31.13221,121.35403,31.134139134763558,121.3494392969036,上海市闵行区华中路505号
191,31.2852,121.46535,31.287096430480727,121.4607959748479,上海市虹口区广粤路231号
192,31.41338,121.35385,31.41519306664621,121.34923526382674,上海市宝山区月罗公路2255号
193,31.26078,121.31891,31.262711079015798,121.31438519401837,上海市金沙江西路金园一路235号（地铁13号线金运路站下）
194,31.18565,121.53985,31.1878016881892,121.53555741236862,上海市浦东新区锦绣路2888号（地铁7号线锦绣路站2号出口）
195,31.04575,121.65058,31.04799787417666,121.64634554456181,上海申江南路航三路
196,31.26078,121.31891,31.262711079015798,121.31438519401837,上海市金沙江西路金园一路235号（地铁13号线金运路站下）
197,31.27767,121.6631,31.279776488482817,121.65882311673953,上海市浦东新区上川路1455号
198,31.269,121.43936,31.270848485276385,121.43474195560967,上海市静安区沪太路855号A
199,31.18565,121.53985,31.1878016881892,121.53555741236862,上海市浦东新区锦绣路2888号（地铁7号线锦绣路站2号出口）
200,31.26078,121.31891,31.262711079015798,121.31438519401837,上海市金沙江西路金园一路235号（地铁13号线金运路站下）
201,31.18565,121.53985,31.1878016881892,121.53555741236862,上海市浦东新区锦绣路2888号（地铁7号线锦绣路站2号出口）
202,31.20466,121.56317,31.206848270731374,121.55893320054713,上海市浦东新区龙阳路2277号永达大厦
203,31.11912,121.55778,31.12134370006095,121.5535390973404,上海市浦东新区上南路6695号（上南路与康梧路交叉路口）
204,31.17212,121.34016,31.174052711343325,121.33559482146626,上海市闵行区吴宝路1045号叶隆汽车广场（近虹桥机场）
205,31.1648,121.33747,31.16674149477484,121.33291140938718,上海市闵行区沪星路318号
206,31.1372,121.11687,31.139093567871107,121.11226668545349,上海市闵行区天山西路2666号（天山店）；沪青平公路5630号（青浦店）
207,31.20245,121.69599,31.204529474120747,121.69165779110496,上海市浦东新区川沙路4425弄3号
208,31.0289,121.26076,31.031027744730057,121.25634738277388,上海市松江区松卫北路313号
209,31.32506,121.26476,31.327038933271197,121.26031964224487,上海市嘉定区马陆镇宝安公路3799号A区49幢5-8号
210,31.2981,121.3555,31.299948352976433,121.35089209828672,上海联闳普诚汽车销售有限公司上海市普陀区红柳路365号2号1楼
211,31.0695,121.58845,31.071784828009026,121.58425782920212,上海市浦东新区沪南公路4777号（近下盐路）上海车市1-4号铺
212,31.40527,121.48941,31.40719224982492,121.48492574536434,上海市宝山区
213,31.30829,121.150795,31.31014794358198,121.1462227266921,上海市嘉定区安亭镇新源路1309-1311号
214,31.37359,121.24744,31.375556792901325,121.24300226592081,上海市嘉定区沪宜公路3518号13栋
215,31.30815,121.15081,31.310008022965583,121.14623776631537,上海市宝山区同济路1552号甲或金山区亭卫公路1398号或嘉定区安亭镇新源路1309号
216,31.02583,121.6358,31.028112917184153,121.63159064507786,上海浦东新区沪南公路7160号
217,30.75756,121.35844,30.759696520564187,121.35387308606145,上海市金山区山阳镇亭卫公路1398号
218,30.9573,121.44478,30.959324812708736,121.44020012617055,上海市奉贤区沪杭公路1095号2幢
219,31.0695,121.58845,31.071784828009026,121.58425782920212,上海市浦东新区沪南公路4777弄上海车市内30号
220,31.21758,121.33243,31.219504907711496,121.32787820517252,上海市闵行区天山西路2588号（近七莘路路口）
221,31.126489,121.351869,31.128424835377036,121.3472830548722,上海市闵行区顾戴路3333弄58号哈弗4s店
222,31.29717,121.353,31.299022838858935,121.34839704414499,上海市普陀区柳园路118号(近柳明路）
223,31.0695,121.58845,31.071784828009026,121.58425782920212,上海市浦东新区沪南公路4777号（上海车市）
224,31.10005,121.44377,31.101990095373456,121.4391756401389,上海闵行区景联路439号（上海电子物联产业园旁）
225,31.34418,121.44907,31.34601716495609,121.44446654370505,上海市宝山区呼兰路555号
226,30.97966,121.44661,30.981674991911188,121.4420323013458,上海市奉贤区扶港路1088号
227,31.16804,121.70587,31.17012095601934,121.70152538238001,上海市浦东新区川沙路6299号
228,31.248721,121.328773,31.250638592980174,121.32422683777722,上海市华江路668弄5号，近江桥万达
229,31.2739,121.52618,31.275975913541977,121.52183723267838,上海市周家嘴路2885号
230,31.29876,121.35548,31.30060812502891,121.35087207927931,上海市普陀区红柳路399号
231,31.00302,121.27659,31.005151762040988,121.27216508923969,上海市松江区车墩镇北松公路6280号
232,31.24374,121.42357,31.245579116859293,121.41892966112145,上海市普陀区中山北路2500号
233,31.26848,121.38837,31.27030245474755,121.38371998708469,上海市普陀区真南路589号
234,31.27995,121.54638,31.282073224497974,121.54209783545062,上海市杨浦区内江路303号（近周家嘴路）
235,31.3932,121.4731,31.39507907428463,121.46856095759146,上海市宝山区宝杨路1929号
236,30.95724,121.44455,30.959264425704657,121.43996962743189,上海市奉贤区沪杭公路1068号
237,31.18726,121.42468,31.189127024506796,121.42004587732147,上海市徐汇区古宜路182号
238,31.15901,121.26334,31.161064144764367,121.25891475397505,上海市青浦区沪青平公路2089号
239,31.15615,121.55923,31.158356401083523,121.55498917143805,上海市浦东新区御桥路1391号
240,31.0779,121.52504,31.080071361798122,121.52070988096781,上海市闵行区浦江镇联航路1239号
241,31.06504,121.64508,31.067286050108798,121.6408532970048,上海市浦东新区新场镇申江南路5600号
242,31.34178,121.20176,31.343717131953458,121.19728389216895,上海市嘉定区嘉安公路2688号
243,31.18675,121.41404,31.18860918670855,121.4093961499907,上海市徐汇区吴中路259号
244,31.35065,121.43478,31.35246029479706,121.43014643005111,上海市宝山区蕴川路329号
245,31.27245,121.39485,31.27426780199713,121.39019622573221,上海普陀区真北路3045号
246,31.23075,121.41171,31.232586935240576,121.4070609839449,上海市普陀区宁夏路777号
247,31.17179,121.3242,31.173753197817323,121.31967085679307,上海市闵行区华翔路69号（近沪青平公路）
248,31.28135,121.49847,31.283341944488352,121.49402889302769,上海市杨浦区赤峰路150号
249,31.32223,121.48713,31.324172154987593,121.48264479815133,上海市宝山区高逸路67号
250,31.29918,121.62259,31.301340066323164,121.61837349667167,上海市浦东新区俱进路962号
251,30.91331,121.43747,30.915348452485702,121.43287910383013,上海市奉贤区南桥镇沪杭公路2090号
252,31.01348,121.21709,31.015599756076547,121.21266393119242,上海市松江区乐都路498号
253,31.15344,121.4512,31.155365667671425,121.44661827126099,上海市徐汇区龙水南路386号
254,31.23644,121.69404,31.23850676359713,121.68970822678158,上海市浦东新区龙东大道5893号
255,31.091449,121.388008,31.093360285705447,121.38337363216563,上海市闵行区沪闵路4300号
256,31.19355,121.45361,31.195460355574678,121.44903091370452,上海市东安路239号二楼
257,31.37273,121.24349,31.374696439250606,121.23905205609935,上海市嘉定区沪宜公路3658号
258,31.23059,121.39202,31.232427393017108,121.38737111634929,上海市普陀区中江路725号（近金沙江路）
259,31.15601,121.55868,31.15821554198267,121.55443800251106,上海市浦东新区御桥路1377号
260,31.33734,121.46629,31.33921897237366,121.46173432037425,上海市宝山区江杨南路1706号南区
261,31.28688,121.16294,31.288768158610633,121.15839303899565,上海市嘉定区安亭镇墨玉南路999号（来店请找网络营销部，可享优惠价）
262,31.23532,121.21623,31.23731995761984,121.21178413742912,上海市青浦区华新镇嘉松中路1589号A区
263,31.11043,121.4158,31.112330340814697,121.41116398083649,上海市闵行区春申路2439号
264,31.10342,121.70582,31.105535613305296,121.70148088395995,上海市浦东新区南六公路1187号
265,30.89492,121.21714,30.897109870366105,121.212723945075,上海市金山区新农镇亭枫公路2468号
266,31.18398,121.50451,31.186034797023467,121.50009899395204,上海市浦东新区高科西路580号
267,31.24481,121.5625,31.246978483665558,121.55825854938563,上海市浦东新区张杨路2761号
268,31.33306,121.4678,31.33494436508169,121.46324933106892,上海市宝山区江杨南路1381号
269,30.92034,121.51547,30.922576584062007,121.51112023838519,上海市奉贤区光明镇南奉公路6001号
270,31.14071,121.33747,31.14266412050261,121.33291348007397,上海市松江区伴亭东路218号
271,31.09902,121.41297,31.100925136306206,121.40833312407217,上海市闵行区银都路2358号（莲花南路路口）
272,31.10236,121.38707,31.10426578826695,121.38243536267134,上海市闵行区珠城路66号
273,31.31589,121.52105,31.31793494018381,121.51668638219809,上海市杨浦区国和路800号（近民庆路）
274,31.24546,121.13893,31.247325184934923,121.13434297434483,上海市青浦区外青松路4938号
275,31.13757,121.1208,31.139466657850928,121.11619983554802,上海市青浦区沪青平公路5528号
276,31.23069,121.43462,31.232548237367183,121.42999660644577,上海市静安区康定路1155号
277,31.20045,121.23878,31.202484589120555,121.23435545223637,上海市北青公路4149号
278,31.32182,121.58908,31.323982779569537,121.58486741022686,上海市浦东新区张杨北路3839号
279,31.230528,121.323361,31.232464190035913,121.3188287254286,上海市闵行区华江公路1366号
280,31.33228,121.28813,31.334233771533707,121.28366063924861,上海市嘉定区马陆镇宝安公路3131号
281,31.18808,121.4137,31.18993834896096,121.40905582159104,上海市徐汇区宋园路168-188号
282,31.19789,121.62266,31.200095002870654,121.6184518222462,上海市浦东新区张江路1196号
283,31.16686,121.32855,31.16881740385395,121.32401137855506,上海市闵行区中春路9977号(沪青平公路口）
284,31.0343,121.25102,31.03642691187934,121.24661063093308,上海市松江区茸兴路128号
285,31.12656,121.35662,31.128487973098668,121.35202482264769,上海市闵行区中春路6111号
286,31.1227,121.49612,31.12476166154199,121.49168389760419,上海市浦星公路450号
287,31.07013,121.58998,31.07241504183931,121.58578875717352,上海浦东新区沪南路4789弄278号
288,31.27392,121.23131,31.27591708544995,121.22687537532993,上海市嘉定区曹安公路4510号1幢-2一层、二层
289,31.16776,121.33077,31.169712693626963,121.3262262527656,上海市闵行区沪青平公路955号（中春路交界口）
290,31.0458,121.25019,31.047920270633043,121.24577978989252,上海市松江区中山街道茸兴路370号（施惠路口）
291,31.1858,121.1391,31.18769374655859,121.13451837843277,上海市青浦区北青公路8955号
292,31.16614,121.58086,31.168367744321685,121.57665322581092,上海市浦东新区中环华夏西路5778号，近卫行路（上海海关学院对面）
293,31.27661,121.3974,31.278425367317364,121.39274508791364,上海市普陀区真北路3319号（近武威东路）
294,31.13391,121.34956,31.135845794287857,121.3449780868382,上海市闵行区中春路6785号
295,31.0695,121.58845,31.071784828009026,121.58425782920212,上海市浦东新区沪南公路4518（航头新店）；惠南镇沪南公路4777号（车市店）
296,31.41195,121.35499,31.413761567006595,121.35037317171818,上海市宝山区月罗路2318号1-4幢
297,30.956518,121.396644,30.9585041200487,121.3920170701128,上海市奉贤区邬桥镇大叶公路2489号（汇安路交叉口）
298,31.3083,121.34471,31.31016295265958,121.34012318102234,上海宝山区丰翔路1675号（近真陈路）
299,31.27344,121.26886,31.27543660919945,121.26442056757367,上海市嘉定区曹安公路3999号1幢
300,31.2317,121.26709,31.233716225116318,121.26265568681951,上海市闵行区联友路1877号
301,31.02553,121.26188,31.027659218351147,121.25746697981208,上海市松江区江田东路259号
302,31.27392,121.23131,31.27591708544995,121.22687537532993,上海市嘉定区曹安公路4510号1幢-2一层、二层
303,31.07013,121.58998,31.07241504183931,121.58578875717352,上海浦东新区沪南路4789弄278号
304,31.18437,121.1519,31.186285041026643,121.14734043113431,上海青浦汇金路1458号
305,31.12656,121.35662,31.128487973098668,121.35202482264769,上海市闵行区中春路6111号
306,31.1227,121.49612,31.12476166154199,121.49168389760419,上海市浦星公路450号
307,31.06893,121.58668,31.071214358721598,121.58248659266985,上海市浦东新区沪南公路4789弄297号
308,31.18671,121.12498,31.18858534945013,121.12037969196516,上海市青浦区北青公路9635号
309,31.16034,121.26467,31.162392736062387,121.26024367495572,上海市闵行区沪青平公路
310,31.06893,121.58668,31.071214358721598,121.58248659266985,上海市浦东区沪南公路4789弄317号
311,31.33187,121.46741,31.33375378311534,121.46285822861546,上海市宝山区江杨南路1373号
312,31.22299,121.68919,31.225071545017045,121.68486787173178,上海市浦东新区川沙路3269号3幢
313,30.95783,121.44266,30.959850680879644,121.43807552834356,上海市奉贤区沪杭公路1060号
314,31.16652,121.56702,31.168732897323547,121.5627935189141,上海市浦东新区莲溪路1298号
315,31.09527,121.43419,31.09719733267767,121.4295776177231,上海市虹梅南路2599号
316,31.19058,121.46354,31.19251489288349,121.45898872836982,上海市徐汇区中山南二路379号（近小木桥路）
317,31.32413,121.46762,31.32601712844038,121.46306954596928,上海市宝山区江杨南路928号（近殷高西路）
318,31.15939,121.3568,31.161300266329725,121.3522016487775,上海市闵行区七宝镇新镇路1509号
319,31.15748,121.55876,31.159684911480696,121.55451805324184,上海市浦东新区康杉路128号
320,31.11817,121.42632,31.120074901529335,121.42169391431828,上海市闵行区虹梅南路1507号甲1、2幢
321,31.12731,121.3532,31.129243154148337,121.34861134464175,上海市闵行区顾戴路3039号
322,31.29343,121.33706,31.295312920524005,121.33249123719649,上海市普陀区真南路3847号
323,31.27037,121.38415,31.272194492671105,121.37950312177436,上海市普陀区真南路818号
324,31.23078,121.41216,31.23261711312118,121.40751121635397,上海市普陀区宁夏路711号（月星环球港对面）
325,31.29918,121.62259,31.301340066323164,121.61837349667167,上海市浦东新区俱进路962号
326,31.28425,121.17266,31.286157457197646,121.16813303115549,上海嘉定区安亭国际汽车城安驰路558号
327,31.18565,121.53985,31.1878016881892,121.53555741236862,上海市浦东新区锦绣路2888号
328,31.27301,121.53114,31.275099539436905,121.5268134550659,上海市黄兴路168号（周家嘴路长阳路之间）
329,31.0802,121.5846,31.08247684351842,121.5804039516934,上海市沪南公路4546号
330,31.23498,121.37135,31.236832715043104,121.36672096715864,上海市金沙江路2033号
331,31.31392,121.54644,31.316029894165606,121.54215515597215,上海市杨浦区军工路1500号
332,31.20466,121.54434,31.20681266877941,121.54005857200607,中国上海市浦东浦建路1317号
333,31.23195,121.36556,31.233811575822013,121.36094000881418,上海市普陀区祁连山南路388号（近淞虹路地铁站）
334,31.19851,121.62213,31.200715225825064,121.61792225818267,上海市浦东新区张江路1160号11幢102室
335,31.18862,121.46044,31.190548338599424,121.45587990281983,上海市中山南二路555号
336,31.1875,121.41514,31.189359412977815,121.41049681507315,上海市徐汇区吴中路88号
337,31.07618,121.42542,31.078107346452423,121.42079641577907,上海市莲花南路2058号
338,31.23297,121.37028,31.234824941425114,121.36565267330417,上海市普陀区千阳路228号
339,31.15939,121.3568,31.161300266329725,121.3522016487775,上海市闵行区七宝镇新镇路1509号
340,31.153,121.45047,31.15492438995845,121.44588650791148,上海徐汇区龙吴路900号
341,31.16782,121.33108,31.169772070283415,121.32653554368413,上海市闵行区沪青平公路999号
342,31.26692,121.62851,31.2690868038388,121.62429000693703,中国上海市浦东新区榕桥路618号
343,31.15991,121.31954,31.161888161786074,121.31502242030167,上海青浦区徐泾镇诸光路66号
344,30.76865,121.35871,30.77078021886123,121.35414164926522,上海市金山区亭卫公路1888号
345,31.03675,121.72572,31.038879514839955,121.72136480357375,上海市浦东新区惠南镇园中路65号2幢
346,31.29605,121.16238,31.297933438028924,121.15783112819472,上海市嘉定区安亭
347,31.12484,121.3583,31.12676625220517,121.35370184631057,上海闵行区黎安路1118号（中春路口）
348,31.16471,121.35214,31.166625165185703,121.34755021663362,上海市闵行区吴中路2576号
349,31.36286,121.40083,31.364642896785142,121.39616702242724,上海市宝山区潘泾路401号（近宝安公路，毗邻顾村公园）
350,31.31181,121.54612,31.31392000083483,121.54183447283566,上海市杨浦区军工路1488号
351,31.3401,121.46262,31.341968837860456,121.45805310912313,上海市宝山区长江西路977号
352,31.13021,121.55231,31.132417577677163,121.54805549078631,上海市浦东新区康梧路368号2幢
353,31.16471,121.35214,31.166625165185703,121.34755021663362,上海市闵行区吴中路2576号
354,31.03675,121.72572,31.038879514839955,121.72136480357375,上海市浦东新区惠南镇园中路65号2幢
355,31.243405,121.602259,31.24560114482445,121.59805703573055,上海浦东新区川桥路200号
356,31.243437,121.605571,31.245632229303077,121.60136871264913,上海市浦东新区川桥路358号1-2楼
357,31.16874,121.56651,31.170951056880853,121.5622824280627,上海市浦东新区莲溪路1225号
358,31.12044,121.49638,31.12250367176897,121.49194502538217,上海市浦东新区浦星公路528号
359,31.29349,121.46359,31.295378681227202,121.45902999785946,上海市汶水东路938号
360,31.15939,121.3568,31.161300266329725,121.3522016487775,上海市闵行区七宝镇新镇路1509号
361,30.95661,121.44473,30.958635129957507,121.44015007566306,上海市奉贤区沪杭公路1088号5幢
362,31.23627,121.36901,31.23812502335497,121.36438425888251,上海市普陀区金沙江路2129号
363,31.07621,121.42429,31.07813619187822,121.41966504735102,上海市闵行区颛兴东路985号
364,30.92265,121.43386,30.924677612997705,121.42926194769584,上海市奉贤区扶港路1088号/沪南公路3738号（近周浦万达一公里）
365,31.19058,121.46354,31.19251489288349,121.45898872836982,上海市徐汇区中山南二路379号（近小木桥路）
366,31.09527,121.43419,31.09719733267767,121.4295776177231,上海市虹梅南路2599号
367,31.23638,121.69448,31.23844603306073,121.69014748139915,上海市浦东新区沪南公路2773号龙东大道5901号
368,31.27661,121.3974,31.278425367317364,121.39274508791364,上海市闵行区七莘路3558号，普陀区真北路3319号
369,31.3083,121.34471,31.31016295265958,121.34012318102234,上海宝山区丰翔路1675号（近真陈路）
370,31.1915,121.20122,31.19350017837276,121.19675578522047,上海总公司
371,31.07045,121.58878,31.072734419066908,121.58458797258548,上海市浦东新区沪南公路4777-71号
372,31.23638,121.69448,31.23844603306073,121.69014748139915,上海市浦东新区龙东大道5901号
373,31.12656,121.35662,31.128487973098668,121.35202482264769,上海市闵行区中春路6111号11幢、12幢
374,31.274379,121.253276,31.27638191925565,121.24884586884822,上海市嘉定区曹安公路4213号
375,30.956518,121.396644,30.9585041200487,121.3920170701128,上海市奉贤区大叶公路2489号
376,31.1227,121.49612,31.12476166154199,121.49168389760419,上海市浦星公路450号
377,31.30934,121.54552,31.31144963418733,121.5412330570262,上海市杨浦区军工路1455号2幢1，2层
378,31.21767,121.33319,31.219593416665198,121.3286364768661,上海市闵行区天山西路2528号
379,31.19627,121.11958,31.198135433017175,121.11497371448411,上海市青浦区青浦工业园区外青松公路4670号123幢
380,31.15147,121.56338,31.153685490309172,121.5591480163095,上海市浦东新区御熙路502号1幢
381,31.27767,121.6631,31.279776488482817,121.65882311673953,上海市浦东新区上川路1455号
382,31.06893,121.58668,31.071214358721598,121.58248659266985,上海市浦东新区航头镇沪南公路4789弄290号1-3层
383,31.09996,121.36397,31.101891462653455,121.35936404959195,上海市闵行区莘松路855号9区
384,31.283644,121.258699,31.285641765685448,121.25426599045582,上海市嘉定区宝园七路595号
385,31.21758,121.33243,31.219504907711496,121.32787820517252,上海市闵行区天山西路2588号（近七莘路路口）
386,31.126489,121.351869,31.128424835377036,121.3472830548722,上海市闵行区顾戴路3333弄58号哈弗4s店
387,31.29717,121.353,31.299022838858935,121.34839704414499,上海市普陀区柳园路118号(近柳明路）
388,31.0695,121.58845,31.071784828009026,121.58425782920212,上海市浦东新区沪南公路4777号（上海车市）
389,31.186938,121.118382,31.1888070438637,121.11377554176613,上海市青浦区外青松公路5098号（外青松公路与北青公路交叉口）
390,31.13489,121.31068,31.13689772192522,121.30618411467464,上海市闵行区沪青平公路473号/上海市松江区沪松公路1610号
391,31.05224,121.3084,31.054297905884503,121.30391601471146,上海市松江区新桥镇新镇街599号2幢
392,31.06893,121.58668,31.071214358721598,121.58248659266985,上海市浦东新区沪南公路4789弄286-289号
393,31.3696,121.371889,31.371399716579393,121.3672474783917,上海市宝山区沪太路5689号
394,31.23634,121.21465,31.23833760075843,121.21020205330788,上海市青浦区嘉松中路1398号
395,30.9278,121.44038,30.929834572990977,121.4357934463278,上海市奉贤区南桥镇环城西路1488号近国顺路
396,31.25498,121.41904,31.25681028068112,121.41439404820619,上海市普陀区铜川路70号2212-1室
397,31.2198,121.30177,31.221780200804478,121.29728539121986,上海市闵行区华翔路3660（近北青公路）
398,31.24306,121.603,31.245256139106424,121.59879803879569,上海市浦东新区川桥路218号（金沪路口）
399,31.06893,121.58668,31.071214358721598,121.58248659266985,上海市浦东新区沪南公路4789弄258号
400,31.32458,121.58867,31.326741604899183,121.5844569109247,上海市浦东新区庭安路501号（张杨北路口）
401,31.23153,121.38957,31.233368165436218,121.3849224233023,上海市普陀区金沙江路1146号
402,31.38457,121.38922,31.38634984776159,121.38455927168505,上海市宝山区潘泾路1101-5号
403,31.18553,121.11898,31.187400243917295,121.11437414394445,上海市青浦区外青松公路5118号
404,30.92746,121.44922,30.929511050261645,121.44465287668775,上海市奉贤区沪杭公路1838号3幢-5
405,30.776982,121.359683,30.77910625311302,121.35511218289604,上海市金山区亭卫公路2088号
406,31.04534,121.59157,31.047639769373117,121.58738168488333,上海市浦东新区沪南公路5278号
407,31.07252,121.42656,31.074450629883355,121.42193817831182,上海市闵行区莲花南路2268号（近向阳路路口）
408,31.294288,121.354864,31.296138901593594,121.35025765238181,上海市普陀区红柳路235号（近南大路）
409,31.17111,121.36728,31.17299886638692,121.3626625560078,上海市闵行区吴中路1750号
410,31.15939,121.3568,31.161300266329725,121.3522016487775,上海市闵行区七宝镇新镇路1509号
411,31.09902,121.41297,31.100925136306206,121.40833312407217,上海市闵行区银都路2358号（近莲花南路路口）
412,31.16532,121.33851,31.167259275622275,121.33394905216636,上海市闵行区沪星路318-1号
413,31.00307,121.27555,31.005202732101466,121.27112633949712,上海市松江区北松公路6282号
414,31.33187,121.46741,31.33375378311534,121.46285822861546,上海市宝山区江杨南路1373号-1号
415,31.18378,121.40089,31.185637697645824,121.39624265763071,上海市闵行区吴中路586号，博园路7588号；
416,30.92265,121.43386,30.924677612997705,121.42926194769584,上海市奉贤区扶港路1088号/沪南公路3738号（近周浦万达一公里）
417,31.17011,121.32619,31.17207025377726,121.32165647325685,上海市闵行区华翔路19号1幢
418,31.16652,121.56702,31.168732897323547,121.5627935189141,上海市浦东新区莲溪路1298号
419,31.09527,121.43419,31.09719733267767,121.4295776177231,上海市虹梅南路2599号
420,31.19058,121.46354,31.19251489288349,121.45898872836982,上海市徐汇区中山南二路379号（近小木桥路）
421,31.32413,121.46762,31.32601712844038,121.46306954596928,上海市宝山区江杨南路928号（近殷高西路）
422,31.09902,121.41297,31.100925136306206,121.40833312407217,上海市闵行区银都路2358号（近莲花南路路口）
423,31.29137,121.44096,31.293211885735623,121.43634318781665,上海市汶水路269号上海科达汽车销售服务有限公司
424,31.12484,121.3583,31.12676625220517,121.35370184631057,上海闵行区黎安路1118号（中春路口）
425,31.16471,121.35214,31.166625165185703,121.34755021663362,上海市闵行区吴中路2576号
426,31.243437,121.605571,31.245632229303077,121.60136871264913,上海市浦东新区川桥路358号1-2楼
427,31.13823,121.56802,31.140459077429703,121.56379760015423,上海市浦东新区沪南公路2805号
428,31.0289,121.26076,31.031027744730057,121.25634738277388,上海市松江区松卫北路313弄号
429,31.3696,121.371889,31.371399716579393,121.3672474783917,上海市宝山区沪太路5689号
430,31.2271,121.32665,31.229031495582323,121.32211053422816,上海市闵行区中春路6793号（近中谊路）（华江路店：华江路1318号）
431,31.23634,121.21465,31.23833760075843,121.21020205330788,上海市青浦区嘉松中路1398号
432,31.2271,121.32665,31.229031495582323,121.32211053422816,上海市闵行区华江路1318号
433,31.291403,121.466592,31.293300070386252,121.46204121235013,上海市虹口区广粤路439号
434,31.3079,121.47983,31.309826436358644,121.4753207132738,上海市场中路241号
435,31.24363,121.60528,31.24582524019779,121.60107774606358,上海市浦东新区川桥路350号
436,31.18378,121.40089,31.185637697645824,121.39624265763071,上海市闵行区吴中路586号，博园路7588号；
437,31.16652,121.56702,31.168732897323547,121.5627935189141,上海市浦东新区莲溪路1298号
438,31.2817,121.16594,31.28359586638546,121.1613995376216,上海嘉定区安亭国际汽车城安驰路915-1
439,31.11912,121.55778,31.12134370006095,121.5535390973404,上海市浦东新区上南路6695号（上南路与康梧路交叉路口）
440,31.17212,121.34016,31.174052711343325,121.33559482146626,上海市闵行区吴宝路1045号叶隆汽车广场（近虹桥机场）
441,31.15939,121.3568,31.161300266329725,121.3522016487775,上海市闵行区七宝镇新镇路1509号
442,31.09902,121.41297,31.100925136306206,121.40833312407217,上海市闵行区银都路2358号（近莲花南路路口）
443,31.16532,121.33851,31.167259275622275,121.33394905216636,上海市闵行区沪星路318-1号
444,31.00307,121.27555,31.005202732101466,121.27112633949712,上海市松江区北松公路6282号
445,31.27778,121.39824,31.279594713230015,121.39358480261852,上海市普陀区真北路3487号
446,31.33187,121.46741,31.33375378311534,121.46285822861546,上海市宝山区江杨南路1373号-1号
447,31.07119,121.58675,31.07347310488519,121.58255646067082,浦东区沪南公路上海车市服务中心（北门第一家）
448,31.28321,121.17482,31.28512195116899,121.17029753798845,上海市嘉定区米泉南路26号1层
449,31.21886,121.3388,31.22077225645649,121.33423379872121,上海市闵行区天山西路2168号
450,31.10005,121.44377,31.101990095373456,121.4391756401389,上海闵行区景联路439号（上海电子物联产业园旁）
451,31.34418,121.44907,31.34601716495609,121.44446654370505,上海市宝山区呼兰路555号
452,31.35807,121.42092,31.35986207233969,121.41626683280919,上海市宝山区水产西路517号
453,31.2355,121.37085,31.237353082125964,121.3662216322848,上海市金沙江路2069号
454,31.30609,121.43459,31.30791613648466,121.42995999125449,上海康宁路930号
455,31.27698,121.53911,31.27908786722486,121.53480760687091,上海市杨浦区周家嘴路3388号
456,31.26206,121.46523,31.263965856314183,121.46067761046949,上海市闸北区中山北路558号
457,31.23515,121.36783,31.237007059820993,121.36320614787954,上海市祁连山南路588弄1号
458,31.174106,121.517463,31.17620401821859,121.51309893698739,上海市浦东新区成山路1011号（近杨高南路口）
459,31.0992,121.57018,31.10145312210724,121.56596441641014,上海市浦东沪南公路3738号（近周祝公路）
460,31.24363,121.60528,31.24582524019779,121.60107774606358,上海市浦东新区川桥路350号（近金桥路）
461,31.18971,121.42167,31.19157300021999,121.41703228905736,上海市吴中路588号
462,30.955989,121.443184,30.958011700155943,121.4386007923107,上海市奉贤区南桥镇环城北路988号（近沪杭公路）
463,31.30949,121.35254,31.311338814461404,121.34793688630363,上海市宝山区丰翔路1358号
464,31.26848,121.38837,31.27030245474755,121.38371998708469,上海市普陀区真南路589号
465,31.30131,121.44841,31.30316162498479,121.44380869891216,上海市静安区共和新路3550号百联汽车广场
466,31.34418,121.44907,31.34601716495609,121.44446654370505,上海市宝山区呼兰路555号
467,31.0779,121.52504,31.080071361798122,121.52070988096781,上海市闵行区浦江镇联航路1239号
468,31.23568,121.42397,31.237523155265787,121.41933082460619,上海市普陀区淡家渡路18号
469,31.3394,121.56714,31.34153732642316,121.56289937954448,上海市浦东新区浦东北路4086号（近清溪路路口）
470,31.0695,121.58845,31.071784828009026,121.58425782920212,上海市浦东新区航头镇沪南公路4777号5--8幢
471,31.13889,121.42857,31.140786237988326,121.42394514358487,上海市徐汇区嘉川路255―257号
472,31.20563,121.49916,31.207658050843747,121.49472782742103,上海市黄浦区苗江路123号
473,31.23129,121.36658,31.233150492751967,121.36195843434378,上海市普陀区云岭西路638号
474,31.33989,121.46197,31.34175732674763,121.45740123139505,上海市宝山区长江西路999号
475,31.23036,121.46979,31.232291797487232,121.46525440595076,上海市南京西路399号明天广场一楼
476,31.2817,121.16594,31.28359586638546,121.1613995376216,上海嘉定区安亭国际汽车城安驰路915-1
477,31.23665,121.38268,31.238490487247027,121.37803740113925,上海市普陀区真北路1035号
478,31.17212,121.34016,31.174052711343325,121.33559482146626,上海市闵行区吴宝路1045号叶隆汽车广场（近虹桥机场）
479,31.1648,121.33747,31.16674149477484,121.33291140938718,上海市闵行区沪星路318号
480,31.09902,121.41297,31.100925136306206,121.40833312407217,上海市闵行区银都路2358号（近莲花南路路口）
481,31.32458,121.58867,31.326741604899183,121.5844569109247,上海市浦东新区庭安路501号（张杨北路口）
482,31.31541,121.52059,31.317453819532492,121.51622484413916,上海市杨浦区国和路688号
483,31.14031,121.34553,31.14224948860626,121.34095594270057,上海市闵行区中春路7169号1/2/3幢
484,31.23153,121.38957,31.233368165436218,121.3849224233023,上海市普陀区金沙江路1146号
485,31.0249,121.25594,31.027031672191022,121.25153006214735,上海市松江区美能达路503号
486,31.27661,121.3974,31.278425367317364,121.39274508791364,上海市普陀区真北路3319号靠武威东路口
487,31.17011,121.32619,31.17207025377726,121.32165647325685,上海市闵行区华翔路19号1幢
488,31.38631,121.46279,31.388164394352476,121.45821960162155,上海市宝山区宝杨路2050号（近铁山路、地铁一号线宝安公路站）
489,31.23655,121.2146,31.23854744389709,121.21015197090797,上海市青浦区华新镇华腾路1388号近嘉松中路路口
490,31.15315,121.32692,31.15511764112989,121.32238626497193,上海市松江区九亭镇νけ甭441号
491,31.24726,121.22833,31.249266457053174,121.22389545912269,上海市青浦区纪鹤公路2268号
492,31.29412,121.46415,31.296009819625617,121.45959160620095,上海市虹口区汶水东路957号
493,31.10235,121.45452,31.104310349483,121.44995114594174,上海市徐汇区龙吴路2996号（日产徐汇店）
494,31.30323,121.58064,31.305395019337762,121.5764216424681,上海市浦东新区五洲大道518号106幢
495,31.1669,121.3297,31.168855182131814,121.32515875849995,上海市闵行区中春路9998号
496,31.02187,121.24286,31.024003338829804,121.23845161241248,上海市松江区沪松路508号
497,31.41741,121.37511,31.419192428031053,121.37046000849764,上海市宝山区月罗公路1563号
498,31.24415,121.2574,31.24616515942635,121.25297095607762,上海闵行区纪鹤路505号
499,31.32582,121.46744,31.327706046120607,121.46288884408138,上海市宝山区江杨南路1008号
500,31.06893,121.58668,31.071214358721598,121.58248659266985,上海市浦东新区沪南公路4789弄上海车市3幢304-311号（美特龙国际家居广场内）
501,31.15144,121.45058,31.15336543446311,121.44599691259145,上海市徐汇区龙吴路908号
502,31.22191,121.68936,31.223991746495415,121.68503765707437,上海市浦东新区川沙路3295号
503,31.28244,121.36507,31.284280214661596,121.3604464176539,上海市普陀区真南路2165号
504,31.03675,121.72572,31.038879514839955,121.72136480357375,上海市浦东新区惠南镇园中路65号
505,30.9278,121.44038,30.929834572990977,121.4357934463278,上海市奉贤区环城西路1488号
506,31.07558,121.26413,31.07767923247896,121.25971122856556,上海市松江区沪松公路3778号
507,31.15939,121.3568,31.161300266329725,121.3522016487775,上海市闵行区七宝镇新镇路1509号
508,30.729,121.30031,30.73125617900115,121.29586975061292,上海市金山区金山大道4298弄38号
509,31.15533,121.55782,31.157534415431112,121.55357618546759,上海市浦东新区御桥路1351号
510,31.29064,121.43525,31.292473186051325,121.43062247923207,上海市闸北区汶水路405号
511,31.39337,121.47392,31.39525125614537,121.46938361562229,上海市宝山区宝杨路1919号
512,31.18726,121.4142,31.189119016173503,121.4095562078211,上海市徐汇区吴中路100号9幢
513,31.1669,121.3297,31.168855182131814,121.32515875849995,上海市闵行区中春路9998号
514,31.29412,121.46415,31.296009819625617,121.45959160620095,上海市虹口区汶水东路957号
515,31.10235,121.45452,31.104310349483,121.44995114594174,上海市徐汇区龙吴路2996号（日产徐汇店）
516,31.30323,121.58064,31.305395019337762,121.5764216424681,上海市浦东新区五洲大道518号106幢
517,31.02227,121.24261,31.024403039714603,121.23820153139428,上海市松江区沪松路518号
518,31.19851,121.62213,31.200715225825064,121.61792225818267,上海市张江路1160号
519,31.12656,121.35662,31.128487973098668,121.35202482264769,上海市闵行区中春路6111号
520,31.1227,121.49612,31.12476166154199,121.49168389760419,上海市浦星公路450号
521,31.19355,121.45361,31.195460355574678,121.44903091370452,上海市徐汇区东安路239号（近斜土路）
522,31.25992,121.58898,31.26210765391291,121.58477247472662,上海市浦东新区长岛路860号
523,31.32659,121.46733,31.328475482244635,121.4627784383387,上海市宝山区江杨南路1058号
524,31.36208,121.37496,31.363878624536316,121.37031504008449,上海市宝山区沪太路5399号
525,31.30949,121.35254,31.311338814461404,121.34793688630363,上海市宝山区丰翔路1358号
526,31.30949,121.35254,31.311338814461404,121.34793688630363,上海市宝山区丰翔路1358号
527,31.24496,121.25648,31.246975051292644,121.25205128022286,上海市闵行区纪鹤路488号
528,31.07558,121.26413,31.07767923247896,121.25971122856556,上海市松江区洞泾镇沪松公路3778号18幢-19幢
529,31.2271,121.32665,31.229031495582323,121.32211053422816,上海市闵行区华江路1318号
530,31.18839,121.37512,31.190260697542247,121.37048996901477,上海市闵行区延安西路3180号
531,31.23295,121.36794,31.2348079250789,121.36331616989787,上海市普陀区同普路1343弄1号
532,31.18678,121.12604,31.18865644953722,121.12144083476743,上海市青浦区北青公路9595号
533,31.26848,121.38837,31.27030245474755,121.38371998708469,上海市普陀区真南路589号
534,31.2134,121.3931,31.21524501132139,121.38845209473068,上海市长宁区天山路597号
535,31.0779,121.52504,31.080071361798122,121.52070988096781,上海市闵行区联航路1239号1号厂房304
536,31.31429,121.54568,31.316398102193542,121.54139307682115,上海市杨浦区军工路1601号
537,31.15639,121.56205,31.158600863470706,121.55781498600744,上海市浦东新区御桥路1461号
538,31.2825,121.16757,31.28439859229702,121.16303278143201,上海市嘉定区安亭镇国际汽车城安驰路845号
539,31.23568,121.42397,31.237523155265787,121.41933082460619,上海市普陀区淡家渡路18号
540,31.0695,121.58845,31.071784828009026,121.58425782920212,上海市浦东新区航头镇沪南公路4777号5--8幢
541,31.3394,121.56714,31.34153732642316,121.56289937954448,上海市浦东新区浦东北路4086号（近清溪路路口）
542,31.13889,121.42857,31.140786237988326,121.42394514358487,上海市徐汇区嘉川路255―257号
543,31.13889,121.42857,31.140786237988326,121.42394514358487,上海市徐汇区嘉川路255―257号
544,31.15939,121.3568,31.161300266329725,121.3522016487775,上海市闵行区七宝镇新镇路1509号
545,31.10236,121.38707,31.10426578826695,121.38243536267134,上海市闵行区珠城路66号
546,30.7815,121.358,30.783624416238396,121.35343185234052,上海市金山区山阳镇亭卫公路2285号10幢
547,30.92169,121.43464,30.923719284301757,121.4300433482415,上海市奉贤区沪杭公路1108号（与环城北路交叉口处）
548,31.24374,121.42357,31.245579116859293,121.41892966112145,上海市普陀区中山北路2500号
549,31.18862,121.46044,31.190548338599424,121.45587990281983,上海市徐汇区中山南二路555号
550,31.06138,121.40325,31.06330393153147,121.39861328948183,上海市闵行区沪闵路3388号（近5号线颛桥站）
551,31.305042,121.449523,31.30689439562389,121.44492403579304,上海市闸北区共和新路3550号（旗舰店）
552,31.24363,121.60528,31.24582524019779,121.60107774606358,中国上海市浦东新区川桥路350号
553,31.16533,121.40136,31.167197053910908,121.39671424035274,上海市徐汇区虹梅路1682号（漕宝路口）
554,31.36174,121.40141,31.363523226073752,121.3967470923798,上海市宝山区潘泾路399号
555,31.23659,121.38351,31.23842985503217,121.37886663769542,上海市普陀区真北路1038号（近怒江北路）
556,31.10426,121.70553,31.106375579360105,121.70119122579197,上海市浦东新区六灶镇南六公路1189号临
557,31.02115,121.24412,31.0232840523763,121.23971187089145,上海市松江区美能达路800号
558,31.28626,121.16207,31.288146801321155,121.15752135005978,上海市嘉定区安亭镇南安路266号
559,31.19307,121.45413,31.194981721985524,121.44955230435585,上海徐汇区东安路231-239号3楼
560,31.06132,121.40305,31.06324395912869,121.39841328322264,上海市闵行区沪闵公路3388号
561,31.23515,121.36783,31.237007059820993,121.36320614787954,上海市普陀区祁连山南路588弄1号
562,31.23378,121.32025,31.235720599234124,121.31572449267195,上海市嘉定区江桥镇金运路99号
563,30.92944,121.45594,30.931504170072586,121.45138973449507,上海市奉贤南桥镇航南公路5888号（近沪杭公路）
564,31.21045,121.42508,31.212306079169586,121.42044434513579,上海市闵行区沪青平公路939-989号，上海市长宁区延安西路1339号
565,31.19488,121.11958,31.196746116675698,121.11497383449347,上海市青浦区外青松公路4690号1、2幢
566,31.07709,121.52367,31.07925803399048,121.51933535679352,上海市闵行区三鲁公路3088号
567,31.07007,121.42489,31.072000278813547,121.42026629569861,上海市闵行区莲花南路2338号3幢
568,31.20041,121.2379,31.202444235472115,121.23347512309297,上海市青浦区华新镇北青公路4228号1幢
569,31.29519,121.62391,31.29735029543471,121.61969256844493,上海市浦东新区申江路500号
570,31.21688,121.53507,31.219004781870787,121.53076047525148,上海浦东康梧路386号（总部），杨高南路428号（世纪大道展厅）
571,31.13135,121.36171,31.133267555987263,121.35710518564123,上海市闵行区顾戴路2468号
572,31.1758,121.34484,31.17772226326613,121.3402643536157,上海市闵行区沪青平公路415-433号
573,31.16034,121.26467,31.162392736062387,121.26024367495572,上海市闵行区沪青平公路
574,31.06893,121.58668,31.071214358721598,121.58248659266985,上海市浦东区沪南公路4789弄317号
575,31.33187,121.46741,31.33375378311534,121.46285822861546,上海市宝山区江杨南路1373号
576,31.22299,121.68919,31.225071545017045,121.68486787173178,上海市浦东新区川沙路3269号3幢
577,31.10236,121.38707,31.10426578826695,121.38243536267134,上海市闵行区珠城路66号
578,31.04444,121.25027,31.046561055730347,121.24585989342727,上海市松江区茸兴路368号3幢A区
579,31.30949,121.35254,31.311338814461404,121.34793688630363,上海市宝山区丰翔路1358号
580,31.315,121.48579,31.31694092191294,121.48130070669085,上海市宝山区逸仙路1339号-2临
581,31.19355,121.45361,31.195460355574678,121.44903091370452,上海市徐汇区东安路239号
582,31.16288,121.5892,31.16511412262197,121.5850006354681,上海市浦东新区罗山路5105号（近华夏西路，一六公路）
583,31.16798,121.33981,31.169915481126832,121.335245948547,上海市闵行区七莘路3795号
584,31.10943,121.41619,31.111331129073665,121.41155435563336,上海市闵行区梅富路159号4幢1楼（近春申路）
585,31.25466,121.36159,31.256517025907783,121.35697471272235,上海市嘉定区曹安路1926号东方汽配城旁边
586,31.32816,121.5418,31.330254238566454,121.53750111909883,上海市杨浦区殷行路200号
587,31.18553,121.14025,31.18742558577862,121.13567020187361,上海市青浦区北青公路8865号
588,31.15008,121.45066,31.15200631401115,121.44607722668187,上海市徐汇区龙吴路946号4幢
589,31.23085,121.39199,31.232687286246556,121.38734110893374,上海市中江路733号（近金沙江路）
590,31.29543,121.17172,31.297331175029996,121.1671901483717,上海市嘉定区安亭镇昌吉路156弄15号
591,30.93752,121.43855,30.939545831177185,121.43395905010401,上海市奉贤区奉浦大道1333号
592,31.29728,121.35553,31.29912862849204,121.35092211205283,上海市普陀区柳园路85号（上海车市地址：沪南公路4777弄233号展厅）
593,31.07709,121.52367,31.07925803399048,121.51933535679352,上海市闵行区浦江镇三鲁公路3088号
594,31.13991,121.58685,31.142155183355356,121.5826508798136,上海浦东康桥镇康安路818号
595,31.18679,121.40353,31.18864617201727,121.39888241756019,上海市闵行区古北路1879号，近吴中路
596,31.190356,121.463407,31.192290675362152,121.45885535493694,上海徐汇区中山南二路385号2幢
597,31.2337,121.36746,31.23555821089208,121.36283684575154,上海市普陀区同普路1362号
598,31.20188,121.54641,31.204038567710757,121.54213443015381,上海市浦东新区浦建路1509号205室
599,31.33256,121.46754,31.33444387170283,121.46298857022244,上海市宝山区江杨南路1379号（近殷高西路）
600,31.14071,121.33747,31.14266412050261,121.33291348007397,上海市松江区伴亭东路218号
601,31.09902,121.41297,31.100925136306206,121.40833312407217,上海市闵行区银都路2358号（近莲花南路路口）
602,31.35889,121.24827,31.360861521567315,121.24383348971344,上海市嘉定区永盛路2018号3幢
603,31.29687,121.35542,31.2987189692813,121.35081235838797,上海市普陀区红柳路325号（红柳路/柳园路路口）
604,31.15691,121.56381,31.159123290098627,121.55957839615866,上海市浦东新区沪南公路2178号
605,31.29917,121.62314,31.30132951445551,121.61892298107318,上海市浦东新区俱进路978号
606,31.244865,121.256587,31.24688006582977,121.25215824446678,上海市闵行区纪鹤路500号
607,31.29717,121.353,31.299022838858935,121.34839704414499,上海市普陀区柳园路118号一层B
608,31.30771,121.47846,31.30963263514852,121.47394608822005,上海市虹口区场中路335号
609,31.36446,121.41241,31.366244562817634,121.40774966915156,上海市宝山区宝安公路839号
610,31.15983,121.4489,31.161747647541855,121.44431212099094,上海市徐汇区龙吴路420号
611,31.3229,121.48748,31.32484293733492,121.48299597542425,上海市宝山区高逸路99号
612,31.23203,121.371,31.23388449235166,121.3663717198294,上海市普陀区同普路1196号甲
613,31.14369,121.32744,31.14566163219976,121.3229058917535,上海市松江区沪松公路1225号
614,31.315327,121.521336,31.31737295906245,121.51697340922277,上海市沪太路800号(近延长路)/国和路717号(近五角场)
615,31.22434,121.62958,31.226524578796756,121.62536228499636,上海市浦东新区龙东大道2777号
616,31.29267,121.35443,31.294522259938255,121.34982463324415,上海普陀区红柳路233号
617,31.17011,121.32619,31.17207025377726,121.32165647325685,上海市闵行区华翔路19号（华翔路、沪青平公路交叉口）
618,31.27988,121.54645,31.282003404822444,121.54216802892425,上海市杨浦区内江路301号
619,31.36954,121.28413,31.37148634542284,121.27966371836804,上海市嘉定区澄浏中路1900号
620,30.89492,121.21714,30.897109870366105,121.212723945075,上海市金山区朱泾镇亭枫公路2468号2幢
621,31.13889,121.42857,31.140786237988326,121.42394514358487,上海市徐汇区嘉川路255―257号（近老沪闵路）
622,31.10236,121.38707,31.10426578826695,121.38243536267134,上海市闵行区珠城路66号
623,31.23686,121.54764,31.239004691748807,121.54336477981049,上海市浦东新区张杨路1736号
624,31.17036,121.12141,31.17224006903035,121.11680756202493,上海市青浦区外青松公路5600号
625,31.04995,121.40426,31.051880566909094,121.39962436938958,上海市闵行区元江路3266号
626,31.2509,121.39555,31.252726901589906,121.39089786129584,上海市普陀区铜川路1366号（近中环）
627,31.32234,121.58447,31.324500355726258,121.58025382897455,上海市浦东新区莱阳路2928弄
628,30.9026,121.42809,30.904632083363396,121.42348488018148,上海市奉贤区南亭公路1269号
629,31.01961,121.24821,31.021745489034092,121.24380216968495,上海市松江路方塔北路588号1幢底层B区
630,31.05224,121.3084,31.054297905884503,121.30391601471146,上海市松江区新桥镇新镇街599号10幢
631,31.4125,121.35523,31.414311031456908,121.35061266117194,上海市宝山区月罗路2255号
632,31.17135,121.32499,31.173311913982936,121.32045909803095,上海闵行区华翔路55号
633,30.94611,121.44885,30.948149259702877,121.44428039603788,上海市奉贤区南桥镇沪杭公路1585号
634,31.32531,121.46741,31.327196154919523,121.46285879561263,上海市宝山区江杨南路980号
635,31.03359,121.25331,31.035717103255728,121.24890018867762,上海市松江区茸树路58号
636,31.27599,121.26439,31.277988377276774,121.2599540893088,上海市嘉定区曹安公路4082号4幢1层A区
637,31.26078,121.31891,31.262711079015798,121.31438519401837,上海市嘉定区金园一路235号2幢2层
638,31.16983,121.32553,31.1717916593337,121.32099799960059,上海市闵行区沪青平公路1218号（近中春路华翔路交叉口）
639,31.27661,121.3974,31.278425367317364,121.39274508791364,上海市普陀区真北路3319号
640,31.18671,121.12498,31.18858534945013,121.12037969196516,上海市青浦区北青公路9635号
641,31.18504,121.40582,31.186897278583505,121.40117288394262,上海市吴中路472号
642,31.32462,121.48578,31.32655732002924,121.48128984643408,上海市逸仙路1680号
643,30.729,121.30031,30.73125617900115,121.29586975061292,上海市金山区金山大道4298弄29号
644,31.23249,121.37346,31.2343413922581,121.36882829058334,中国上海市普陀区真光路555号（金沙江路南200米）
645,31.16917,121.3426,31.171099718306014,121.3380297449533,上海市闵行区吴宝路789号
646,31.34352,121.47335,31.345415426259915,121.4688160613278,上海宝山区长江西路600号
647,31.22411,121.62886,31.226295564844325,121.62464315085143,上海市浦东新区龙东大道2755号
648,31.30147,121.51868,31.303513731365136,121.51430942698282,上海杨浦区翔殷路1088号一层101室
649,31.09902,121.41297,31.100925136306206,121.40833312407217,上海市闵行区银都路2358号（近莲花南路路口）
650,31.29137,121.44096,31.293211885735623,121.43634318781665,上海市汶水路269号上海科达汽车销售服务有限公司
651,31.12484,121.3583,31.12676625220517,121.35370184631057,上海闵行区黎安路1118号（中春路口）
652,31.12484,121.3583,31.12676625220517,121.35370184631057,上海闵行区黎安路1118号（中春路口）
653,31.243437,121.605571,31.245632229303077,121.60136871264913,上海市浦东新区川桥路358号1-2楼
654,30.91055,121.4838,30.912698205573026,121.47933821668795,上海市奉贤区金海路1611弄（南方国际钢材市场东大门）
655,31.17922,121.31613,31.1811946580141,121.31161839616739,上海市闵行区华翔路477号
656,30.95596,121.44381,30.95798383919012,121.43922813259756,上海市奉贤区环城北路918号
657,31.186938,121.118382,31.1888070438637,121.11377554176613,上海市青浦区外青松公路5098号（外青松公路与北青公路交叉口）
658,31.36347,121.41155,31.365254512294687,121.40688930414511,上海市宝山区宝安公路828号
659,31.13171,121.55185,31.133915868100036,121.54759424057256,上海市浦东新区康梧路308号
660,31.06893,121.58668,31.071214358721598,121.58248659266985,上海市浦东新区沪南公路4789弄268号-271号
661,31.06893,121.58668,31.071214358721598,121.58248659266985,浦东新区沪南公路4789弄285号(上海车市内)
662,30.95596,121.44381,30.95798383919012,121.43922813259756,上海市奉贤区环城北路918号
663,31.01676,121.26194,31.018894323883366,121.25752767878363,上海市松江区松卫北路1110号（松卫北路荣乐东路交叉口维也纳酒店斜对面）
664,31.186938,121.118382,31.1888070438637,121.11377554176613,上海市青浦区外青松公路5098号（外青松公路与北青公路交叉口）
665,31.01676,121.26194,31.018894323883366,121.25752767878363,上海市松江区松卫北路1110号（松卫北路荣乐东路交叉口维也纳酒店斜对面）
666,31.13823,121.56802,31.140459077429703,121.56379760015423,上海市浦东新区沪南公路2805号
667,31.3696,121.371889,31.371399716579393,121.3672474783917,上海市宝山区沪太路5689号
668,31.23634,121.21465,31.23833760075843,121.21020205330788,上海市青浦区嘉松中路1398号
669,31.23126,121.4687,31.23318852280258,121.46416090972164,上海市黄浦区南京西路388号一层103单元，2层202单元
